{"cameraMode":{"drawMode":0,"name":"Shaded","section":"Shading Mode"},"sceneLighting":true,"audioPlay":false,"sceneViewState":{"showFog":true,"showMaterialUpdate":false,"showSkybox":true,"showFlares":true,"showImageEffects":true,"showParticleSystems":true},"in2DMode":false,"pivot":{"x":0.5088636875152588,"y":1.665726900100708,"z":-0.22114205360412599},"rotation":{"x":-0.2413175255060196,"y":-0.2011747658252716,"z":0.05147833749651909,"w":-0.9480168223381043},"size":3.146981954574585,"orthographic":false}