{"cameraMode":{"drawMode":0,"name":"Shaded","section":"Shading Mode"},"sceneLighting":false,"audioPlay":false,"sceneViewState":{"showFog":true,"showMaterialUpdate":false,"showSkybox":true,"showFlares":true,"showImageEffects":true,"showParticleSystems":true},"in2DMode":false,"pivot":{"x":-0.3930954933166504,"y":0.9803929328918457,"z":-0.2664961814880371},"rotation":{"x":0.03768853470683098,"y":-0.9626595973968506,"z":0.18738365173339845,"w":0.1919451504945755},"size":6.556448936462402,"orthographic":false}